Workbook

Sheet Dashboard
A1: NESTON NOMADS VIKINGS
A3: 2025/26 SEASON DASHBOARD · Division 5 → Division 4 → Summer League Champions 🏆
A5: ='Season Summary'!B3 -> 35 | D5: ='Season Summary'!B4 -> 22 | G5: ='Season Summary'!B5 -> 5 | J5: ='Season Summary'!B6 -> 8
A8: MATCHES PLAYED | D8: WON | G8: DRAWN | J8: LOST
A10: ='Season Summary'!B7 -> 142 | D10: ='Season Summary'!B8 -> 85 | G10: ='Season Summary'!B9 -> 57 | J10: ='Season Summary'!B10 -> 0.62857143
A13: GOALS FOR | D13: GOALS AGAINST | G13: GOAL DIFFERENCE | J13: WIN RATE
A15: PERFORMANCE AT A GLANCE
A56: CUP FINAL 🏆
A57: Neston Nomads Raiders 0 – 2 Neston Nomads Vikings Goalscorers: Olly, Freddie | Man of the Match: Sam | Goal of the Week: Alex
A61: Built with pride for an incredible U8 season · See Matches, Top Scorers, Awards and Season Summary tabs for full detail

Sheet Matches
A1: Neston Nomads Vikings — 2025/26 Season — Match Results
A3: Match # | B3: Competition | C3: Type | D3: Home Team | E3: Away Team | F3: Home Score | G3: Away Score | H3: Vikings Result | I3: Vikings GF | J3: Vikings GA | K3: MOTM | L3: GOTW | M3: Match GD | N3: Cumulative GD | O3: Opponent | P3: Total Goals | Q3: Win Margin | R3: Loss Margin | S3: Win Streak | T3: Unbeaten Streak
A4: 1 | B4: Division 5 | C4: Friendly | D4: Oldershaw Dynamos | E4: Neston Nomads Vikings | F4: 2 | G4: 6 | H4: =IF($D4="Neston Nomads Vikings",IF($F4>$G4,"W",IF($F4=$G4,"D","L")),IF($G4>$F4,"W",IF($G4=$F4,"D","L"))) -> W | I4: =IF($D4="Neston Nomads Vikings",$F4,$G4) -> 6 | J4: =IF($D4="Neston Nomads Vikings",$G4,$F4) -> 2 | K4: Harry | M4: =I4-J4 -> 4 | N4: =SUM($M$4:M4) -> 4 | O4: =IF($D4="Neston Nomads Vikings",$E4,$D4) -> Oldershaw Dynamos | P4: =I4+J4 -> 8 | Q4: =IF(H4="W",M4,"") -> 4 | R4: =IF(H4="L",-M4,"") | S4: =IF(H4="W",1,0) -> 1 | T4: =IF(OR(H4="W",H4="D"),1,0) -> 1
A5: 2 | B5: Division 5 | C5: League | D5: Oldershaw Dynamos | E5: Neston Nomads Vikings | F5: 1 | G5: 4 | H5: =IF($D5="Neston Nomads Vikings",IF($F5>$G5,"W",IF($F5=$G5,"D","L")),IF($G5>$F5,"W",IF($G5=$F5,"D","L"))) -> W | I5: =IF($D5="Neston Nomads Vikings",$F5,$G5) -> 4 | J5: =IF($D5="Neston Nomads Vikings",$G5,$F5) -> 1 | K5: Noah | M5: =I5-J5 -> 3 | N5: =SUM($M$4:M5) -> 7 | O5: =IF($D5="Neston Nomads Vikings",$E5,$D5) -> Oldershaw Dynamos | P5: =I5+J5 -> 5 | Q5: =IF(H5="W",M5,"") -> 3 | R5: =IF(H5="L",-M5,"") | S5: =IF(H5="W",S4+1,0) -> 2 | T5: =IF(OR(H5="W",H5="D"),T4+1,0) -> 2
A6: 3 | B6: Division 5 | C6: League | D6: Wallasey Village | E6: Neston Nomads Vikings | F6: 2 | G6: 6 | H6: =IF($D6="Neston Nomads Vikings",IF($F6>$G6,"W",IF($F6=$G6,"D","L")),IF($G6>$F6,"W",IF($G6=$F6,"D","L"))) -> W | I6: =IF($D6="Neston Nomads Vikings",$F6,$G6) -> 6 | J6: =IF($D6="Neston Nomads Vikings",$G6,$F6) -> 2 | K6: Freddie | M6: =I6-J6 -> 4 | N6: =SUM($M$4:M6) -> 11 | O6: =IF($D6="Neston Nomads Vikings",$E6,$D6) -> Wallasey Village | P6: =I6+J6 -> 8 | Q6: =IF(H6="W",M6,"") -> 4 | R6: =IF(H6="L",-M6,"") | S6: =IF(H6="W",S5+1,0) -> 3 | T6: =IF(OR(H6="W",H6="D"),T5+1,0) -> 3
A7: 4 | B7: Division 5 | C7: League | D7: Oldershaw Dragoons | E7: Neston Nomads Vikings | F7: 0 | G7: 6 | H7: =IF($D7="Neston Nomads Vikings",IF($F7>$G7,"W",IF($F7=$G7,"D","L")),IF($G7>$F7,"W",IF($G7=$F7,"D","L"))) -> W | I7: =IF($D7="Neston Nomads Vikings",$F7,$G7) -> 6 | J7: =IF($D7="Neston Nomads Vikings",$G7,$F7) -> 0 | K7: Team | M7: =I7-J7 -> 6 | N7: =SUM($M$4:M7) -> 17 | O7: =IF($D7="Neston Nomads Vikings",$E7,$D7) -> Oldershaw Dragoons | P7: =I7+J7 -> 6 | Q7: =IF(H7="W",M7,"") -> 6 | R7: =IF(H7="L",-M7,"") | S7: =IF(H7="W",S6+1,0) -> 4 | T7: =IF(OR(H7="W",H7="D"),T6+1,0) -> 4
A8: 5 | B8: Division 5 | C8: League | D8: Neston Nomads Vikings | E8: Groves FX | F8: 5 | G8: 2 | H8: =IF($D8="Neston Nomads Vikings",IF($F8>$G8,"W",IF($F8=$G8,"D","L")),IF($G8>$F8,"W",IF($G8=$F8,"D","L"))) -> W | I8: =IF($D8="Neston Nomads Vikings",$F8,$G8) -> 5 | J8: =IF($D8="Neston Nomads Vikings",$G8,$F8) -> 2 | K8: Noah | M8: =I8-J8 -> 3 | N8: =SUM($M$4:M8) -> 20 | O8: =IF($D8="Neston Nomads Vikings",$E8,$D8) -> Groves FX | P8: =I8+J8 -> 7 | Q8: =IF(H8="W",M8,"") -> 3 | R8: =IF(H8="L",-M8,"") | S8: =IF(H8="W",S7+1,0) -> 5 | T8: =IF(OR(H8="W",H8="D"),T7+1,0) -> 5
A9: 6 | B9: Division 4 | C9: League | D9: Moreton Peru | E9: Neston Nomads Vikings | F9: 6 | G9: 6 | H9: =IF($D9="Neston Nomads Vikings",IF($F9>$G9,"W",IF($F9=$G9,"D","L")),IF($G9>$F9,"W",IF($G9=$F9,"D","L"))) -> D | I9: =IF($D9="Neston Nomads Vikings",$F9,$G9) -> 6 | J9: =IF($D9="Neston Nomads Vikings",$G9,$F9) -> 6 | K9: Max | M9: =I9-J9 -> 0 | N9: =SUM($M$4:M9) -> 20 | O9: =IF($D9="Neston Nomads Vikings",$E9,$D9) -> Moreton Peru | P9: =I9+J9 -> 12 | Q9: =IF(H9="W",M9,"") | R9: =IF(H9="L",-M9,"") | S9: =IF(H9="W",S8+1,0) -> 0 | T9: =IF(OR(H9="W",H9="D"),T8+1,0) -> 6
A10: 7 | B10: Division 4 | C10: League | D10: Neston Nomads Vikings | E10: West Kirby | F10: 5 | G10: 4 | H10: =IF($D10="Neston Nomads Vikings",IF($F10>$G10,"W",IF($F10=$G10,"D","L")),IF($G10>$F10,"W",IF($G10=$F10,"D","L"))) -> W | I10: =IF($D10="Neston Nomads Vikings",$F10,$G10) -> 5 | J10: =IF($D10="Neston Nomads Vikings",$G10,$F10) -> 4 | K10: Freddie | M10: =I10-J10 -> 1 | N10: =SUM($M$4:M10) -> 21 | O10: =IF($D10="Neston Nomads Vikings",$E10,$D10) -> West Kirby | P10: =I10+J10 -> 9 | Q10: =IF(H10="W",M10,"") -> 1 | R10: =IF(H10="L",-M10,"") | S10: =IF(H10="W",S9+1,0) -> 1 | T10: =IF(OR(H10="W",H10="D"),T9+1,0) -> 7
A11: 8 | B11: Division 4 | C11: League | D11: Victoria Colts | E11: Neston Nomads Vikings | F11: 5 | G11: 1 | H11: =IF($D11="Neston Nomads Vikings",IF($F11>$G11,"W",IF($F11=$G11,"D","L")),IF($G11>$F11,"W",IF($G11=$F11,"D","L"))) -> L | I11: =IF($D11="Neston Nomads Vikings",$F11,$G11) -> 1 | J11: =IF($D11="Neston Nomads Vikings",$G11,$F11) -> 5 | K11: Sam | M11: =I11-J11 -> -4 | N11: =SUM($M$4:M11) -> 17 | O11: =IF($D11="Neston Nomads Vikings",$E11,$D11) -> Victoria Colts | P11: =I11+J11 -> 6 | Q11: =IF(H11="W",M11,"") | R11: =IF(H11="L",-M11,"") -> 4 | S11: =IF(H11="W",S10+1,0) -> 0 | T11: =IF(OR(H11="W",H11="D"),T10+1,0) -> 0
A12: 9 | B12: Division 4 | C12: League | D12: Neston Nomads Vikings | E12: Higher Bebington Celtics | F12: 3 | G12: 2 | H12: =IF($D12="Neston Nomads Vikings",IF($F12>$G12,"W",IF($F12=$G12,"D","L")),IF($G12>$F12,"W",IF($G12=$F12,"D","L"))) -> W | I12: =IF($D12="Neston Nomads Vikings",$F12,$G12) -> 3 | J12: =IF($D12="Neston Nomads Vikings",$G12,$F12) -> 2 | K12: Olly | M12: =I12-J12 -> 1 | N12: =SUM($M$4:M12) -> 18 | O12: =IF($D12="Neston Nomads Vikings",$E12,$D12) -> Higher Bebington Celtics | P12: =I12+J12 -> 5 | Q12: =IF(H12="W",M12,"") -> 1 | R12: =IF(H12="L",-M12,"") | S12: =IF(H12="W",S11+1,0) -> 1 | T12: =IF(OR(H12="W",H12="D"),T11+1,0) -> 1
A13: 10 | B13: Division 4 | C13: League | D13: Ellesmere Port | E13: Neston Nomads Vikings | F13: 4 | G13: 1 | H13: =IF($D13="Neston Nomads Vikings",IF($F13>$G13,"W",IF($F13=$G13,"D","L")),IF($G13>$F13,"W",IF($G13=$F13,"D","L"))) -> L | I13: =IF($D13="Neston Nomads Vikings",$F13,$G13) -> 1 | J13: =IF($D13="Neston Nomads Vikings",$G13,$F13) -> 4 | K13: Freddie | M13: =I13-J13 -> -3 | N13: =SUM($M$4:M13) -> 15 | O13: =IF($D13="Neston Nomads Vikings",$E13,$D13) -> Ellesmere Port | P13: =I13+J13 -> 5 | Q13: =IF(H13="W",M13,"") | R13: =IF(H13="L",-M13,"") -> 3 | S13: =IF(H13="W",S12+1,0) -> 0 | T13: =IF(OR(H13="W",H13="D"),T12+1,0) -> 0
A14: 11 | B14: Division 4 | C14: League | D14: Neston Nomads Vikings | E14: West Kirby | F14: 4 | G14: 7 | H14: =IF($D14="Neston Nomads Vikings",IF($F14>$G14,"W",IF($F14=$G14,"D","L")),IF($G14>$F14,"W",IF($G14=$F14,"D","L"))) -> L | I14: =IF($D14="Neston Nomads Vikings",$F14,$G14) -> 4 | J14: =IF($D14="Neston Nomads Vikings",$G14,$F14) -> 7 | K14: Alex | M14: =I14-J14 -> -3 | N14: =SUM($M$4:M14) -> 12 | O14: =IF($D14="Neston Nomads Vikings",$E14,$D14) -> West Kirby | P14: =I14+J14 -> 11 | Q14: =IF(H14="W",M14,"") | R14: =IF(H14="L",-M14,"") -> 3 | S14: =IF(H14="W",S13+1,0) -> 0 | T14: =IF(OR(H14="W",H14="D"),T13+1,0) -> 0
A15: 12 | B15: Division 4 | C15: League | D15: Neston Nomads Vikings | E15: West Kirby | F15: 4 | G15: 1 | H15: =IF($D15="Neston Nomads Vikings",IF($F15>$G15,"W",IF($F15=$G15,"D","L")),IF($G15>$F15,"W",IF($G15=$F15,"D","L"))) -> W | I15: =IF($D15="Neston Nomads Vikings",$F15,$G15) -> 4 | J15: =IF($D15="Neston Nomads Vikings",$G15,$F15) -> 1 | K15: Will | M15: =I15-J15 -> 3 | N15: =SUM($M$4:M15) -> 15 | O15: =IF($D15="Neston Nomads Vikings",$E15,$D15) -> West Kirby | P15: =I15+J15 -> 5 | Q15: =IF(H15="W",M15,"") -> 3 | R15: =IF(H15="L",-M15,"") | S15: =IF(H15="W",S14+1,0) -> 1 | T15: =IF(OR(H15="W",H15="D"),T14+1,0) -> 1
A16: 13 | B16: Division 4 | C16: League | D16: Victoria Colts | E16: Neston Nomads Vikings | F16: 3 | G16: 2 | H16: =IF($D16="Neston Nomads Vikings",IF($F16>$G16,"W",IF($F16=$G16,"D","L")),IF($G16>$F16,"W",IF($G16=$F16,"D","L"))) -> L | I16: =IF($D16="Neston Nomads Vikings",$F16,$G16) -> 2 | J16: =IF($D16="Neston Nomads Vikings",$G16,$F16) -> 3 | K16: Olly | L16: Alex | M16: =I16-J16 -> -1 | N16: =SUM($M$4:M16) -> 14 | O16: =IF($D16="Neston Nomads Vikings",$E16,$D16) -> Victoria Colts | P16: =I16+J16 -> 5 | Q16: =IF(H16="W",M16,"") | R16: =IF(H16="L",-M16,"") -> 1 | S16: =IF(H16="W",S15+1,0) -> 0 | T16: =IF(OR(H16="W",H16="D"),T15+1,0) -> 0
A17: 14 | B17: Division 4 | C17: League | D17: Neston Nomads Vikings | E17: Higher Bebington Celtics | F17: 0 | G17: 3 | H17: =IF($D17="Neston Nomads Vikings",IF($F17>$G17,"W",IF($F17=$G17,"D","L")),IF($G17>$F17,"W",IF($G17=$F17,"D","L"))) -> L | I17: =IF($D17="Neston Nomads Vikings",$F17,$G17) -> 0 | J17: =IF($D17="Neston Nomads Vikings",$G17,$F17) -> 3 | K17: Noah | L17: Freddie | M17: =I17-J17 -> -3 | N17: =SUM($M$4:M17) -> 11 | O17: =IF($D17="Neston Nomads Vikings",$E17,$D17) -> Higher Bebington Celtics | P17: =I17+J17 -> 3 | Q17: =IF(H17="W",M17,"") | R17: =IF(H17="L",-M17,"") -> 3 | S17: =IF(H17="W",S16+1,0) -> 0 | T17: =IF(OR(H17="W",H17="D"),T16+1,0) -> 0
A18: 15 | B18: Division 4 | C18: League | D18: Neston Nomads Vikings | E18: Neston Nomads Raiders | F18: 3 | G18: 3 | H18: =IF($D18="Neston Nomads Vikings",IF($F18>$G18,"W",IF($F18=$G18,"D","L")),IF($G18>$F18,"W",IF($G18=$F18,"D","L"))) -> D | I18: =IF($D18="Neston Nomads Vikings",$F18,$G18) -> 3 | J18: =IF($D18="Neston Nomads Vikings",$G18,$F18) -> 3 | K18: Will | L18: Harry | M18: =I18-J18 -> 0 | N18: =SUM($M$4:M18) -> 11 | O18: =IF($D18="Neston Nomads Vikings",$E18,$D18) -> Neston Nomads Raiders | P18: =I18+J18 -> 6 | Q18: =IF(H18="W",M18,"") | R18: =IF(H18="L",-M18,"") | S18: =IF(H18="W",S17+1,0) -> 0 | T18: =IF(OR(H18="W",H18="D"),T17+1,0) -> 1
A19: 16 | B19: Division 4 | C19: League | D19: Neston Nomads Vikings | E19: Ellesmere Port | F19: 7 | G19: 3 | H19: =IF($D19="Neston Nomads Vikings",IF($F19>$G19,"W",IF($F19=$G19,"D","L")),IF($G19>$F19,"W",IF($G19=$F19,"D","L"))) -> W | I19: =IF($D19="Neston Nomads Vikings",$F19,$G19) -> 7 | J19: =IF($D19="Neston Nomads Vikings",$G19,$F19) -> 3 | K19: Sam | L19: Fredrick | M19: =I19-J19 -> 4 | N19: =SUM($M$4:M19) -> 15 | O19: =IF($D19="Neston Nomads Vikings",$E19,$D19) -> Ellesmere Port | P19: =I19+J19 -> 10 | Q19: =IF(H19="W",M19,"") -> 4 | R19: =IF(H19="L",-M19,"") | S19: =IF(H19="W",S18+1,0) -> 1 | T19: =IF(OR(H19="W",H19="D"),T18+1,0) -> 2
A20: 17 | B20: Division 4 | C20: League | D20: Heswall | E20: Neston Nomads Vikings | F20: 0 | G20: 7 | H20: =IF($D20="Neston Nomads Vikings",IF($F20>$G20,"W",IF($F20=$G20,"D","L")),IF($G20>$F20,"W",IF($G20=$F20,"D","L"))) -> W | I20: =IF($D20="Neston Nomads Vikings",$F20,$G20) -> 7 | J20: =IF($D20="Neston Nomads Vikings",$G20,$F20) -> 0 | K20: Olly | L20: Edward | M20: =I20-J20 -> 7 | N20: =SUM($M$4:M20) -> 22 | O20: =IF($D20="Neston Nomads Vikings",$E20,$D20) -> Heswall | P20: =I20+J20 -> 7 | Q20: =IF(H20="W",M20,"") -> 7 | R20: =IF(H20="L",-M20,"") | S20: =IF(H20="W",S19+1,0) -> 2 | T20: =IF(OR(H20="W",H20="D"),T19+1,0) -> 3
A21: 18 | B21: Division 4 | C21: League | D21: Neston Nomads Vikings | E21: Upton | F21: 5 | G21: 3 | H21: =IF($D21="Neston Nomads Vikings",IF($F21>$G21,"W",IF($F21=$G21,"D","L")),IF($G21>$F21,"W",IF($G21=$F21,"D","L"))) -> W | I21: =IF($D21="Neston Nomads Vikings",$F21,$G21) -> 5 | J21: =IF($D21="Neston Nomads Vikings",$G21,$F21) -> 3 | K21: Fredrick | L21: Sam | M21: =I21-J21 -> 2 | N21: =SUM($M$4:M21) -> 24 | O21: =IF($D21="Neston Nomads Vikings",$E21,$D21) -> Upton | P21: =I21+J21 -> 8 | Q21: =IF(H21="W",M21,"") -> 2 | R21: =IF(H21="L",-M21,"") | S21: =IF(H21="W",S20+1,0) -> 3 | T21: =IF(OR(H21="W",H21="D"),T20+1,0) -> 4
A22: 19 | B22: Division 4 | C22: League | D22: Neston Nomads Knights | E22: Neston Nomads Vikings | F22: 3 | G22: 3 | H22: =IF($D22="Neston Nomads Vikings",IF($F22>$G22,"W",IF($F22=$G22,"D","L")),IF($G22>$F22,"W",IF($G22=$F22,"D","L"))) -> D | I22: =IF($D22="Neston Nomads Vikings",$F22,$G22) -> 3 | J22: =IF($D22="Neston Nomads Vikings",$G22,$F22) -> 3 | K22: Edward | L22: Olly | M22: =I22-J22 -> 0 | N22: =SUM($M$4:M22) -> 24 | O22: =IF($D22="Neston Nomads Vikings",$E22,$D22) -> Neston Nomads Knights | P22: =I22+J22 -> 6 | Q22: =IF(H22="W",M22,"") | R22: =IF(H22="L",-M22,"") | S22: =IF(H22="W",S21+1,0) -> 0 | T22: =IF(OR(H22="W",H22="D"),T21+1,0) -> 5
A23: 20 | B23: Division 4 | C23: League | D23: Neston Nomads Vikings | E23: Wallasey | F23: 4 | G23: 3 | H23: =IF($D23="Neston Nomads Vikings",IF($F23>$G23,"W",IF($F23=$G23,"D","L")),IF($G23>$F23,"W",IF($G23=$F23,"D","L"))) -> W | I23: =IF($D23="Neston Nomads Vikings",$F23,$G23) -> 4 | J23: =IF($D23="Neston Nomads Vikings",$G23,$F23) -> 3 | K23: Alex | L23: Will | M23: =I23-J23 -> 1 | N23: =SUM($M$4:M23) -> 25 | O23: =IF($D23="Neston Nomads Vikings",$E23,$D23) -> Wallasey | P23: =I23+J23 -> 7 | Q23: =IF(H23="W",M23,"") -> 1 | R23: =IF(H23="L",-M23,"") | S23: =IF(H23="W",S22+1,0) -> 1 | T23: =IF(OR(H23="W",H23="D"),T22+1,0) -> 6
A24: 21 | B24: Division 4 | C24: League | D24: Cammell Lairds | E24: Neston Nomads Vikings | F24: 4 | G24: 5 | H24: =IF($D24="Neston Nomads Vikings",IF($F24>$G24,"W",IF($F24=$G24,"D","L")),IF($G24>$F24,"W",IF($G24=$F24,"D","L"))) -> W | I24: =IF($D24="Neston Nomads Vikings",$F24,$G24) -> 5 | J24: =IF($D24="Neston Nomads Vikings",$G24,$F24) -> 4 | K24: Noah | L24: Will | M24: =I24-J24 -> 1 | N24: =SUM($M$4:M24) -> 26 | O24: =IF($D24="Neston Nomads Vikings",$E24,$D24) -> Cammell Lairds | P24: =I24+J24 -> 9 | Q24: =IF(H24="W",M24,"") -> 1 | R24: =IF(H24="L",-M24,"") | S24: =IF(H24="W",S23+1,0) -> 2 | T24: =IF(OR(H24="W",H24="D"),T23+1,0) -> 7
A25: 22 | B25: Division 4 | C25: League | D25: Neston Nomads Vikings | E25: Moreton Peru | F25: 4 | G25: 2 | H25: =IF($D25="Neston Nomads Vikings",IF($F25>$G25,"W",IF($F25=$G25,"D","L")),IF($G25>$F25,"W",IF($G25=$F25,"D","L"))) -> W | I25: =IF($D25="Neston Nomads Vikings",$F25,$G25) -> 4 | J25: =IF($D25="Neston Nomads Vikings",$G25,$F25) -> 2 | K25: Alex | L25: Fredrick | M25: =I25-J25 -> 2 | N25: =SUM($M$4:M25) -> 28 | O25: =IF($D25="Neston Nomads Vikings",$E25,$D25) -> Moreton Peru | P25: =I25+J25 -> 6 | Q25: =IF(H25="W",M25,"") -> 2 | R25: =IF(H25="L",-M25,"") | S25: =IF(H25="W",S24+1,0) -> 3 | T25: =IF(OR(H25="W",H25="D"),T24+1,0) -> 8
A26: 23 | B26: Division 4 | C26: League | D26: Neston Nomads Vikings | E26: Victoria Colts | F26: 4 | G26: 1 | H26: =IF($D26="Neston Nomads Vikings",IF($F26>$G26,"W",IF($F26=$G26,"D","L")),IF($G26>$F26,"W",IF($G26=$F26,"D","L"))) -> W | I26: =IF($D26="Neston Nomads Vikings",$F26,$G26) -> 4 | J26: =IF($D26="Neston Nomads Vikings",$G26,$F26) -> 1 | K26: Olly | L26: Noah | M26: =I26-J26 -> 3 | N26: =SUM($M$4:M26) -> 31 | O26: =IF($D26="Neston Nomads Vikings",$E26,$D26) -> Victoria Colts | P26: =I26+J26 -> 5 | Q26: =IF(H26="W",M26,"") -> 3 | R26: =IF(H26="L",-M26,"") | S26: =IF(H26="W",S25+1,0) -> 4 | T26: =IF(OR(H26="W",H26="D"),T25+1,0) -> 9
A27: 24 | B27: Division 4 | C27: League | D27: Bebington | E27: Neston Nomads Vikings | F27: 2 | G27: 0 | H27: =IF($D27="Neston Nomads Vikings",IF($F27>$G27,"W",IF($F27=$G27,"D","L")),IF($G27>$F27,"W",IF($G27=$F27,"D","L"))) -> L | I27: =IF($D27="Neston Nomads Vikings",$F27,$G27) -> 0 | J27: =IF($D27="Neston Nomads Vikings",$G27,$F27) -> 2 | K27: Olly | L27: Fredrick | M27: =I27-J27 -> -2 | N27: =SUM($M$4:M27) -> 29 | O27: =IF($D27="Neston Nomads Vikings",$E27,$D27) -> Bebington | P27: =I27+J27 -> 2 | Q27: =IF(H27="W",M27,"") | R27: =IF(H27="L",-M27,"") -> 2 | S27: =IF(H27="W",S26+1,0) -> 0 | T27: =IF(OR(H27="W",H27="D"),T26+1,0) -> 0
... A38: 35 | B38: Summer League | C38: Final 🏆 | D38: Neston Nomads Raiders | E38: Neston Nomads Vikings | F38: 0 | G38: 2 | H38: =IF($D38="Neston Nomads Vikings",IF($F38>$G38,"W",IF($F38=$G38,"D","L")),IF($G38>$F38,"W",IF($G38=$F38,"D","L"))) -> W | I38: =IF($D38="Neston Nomads Vikings",$F38,$G38) -> 2 | J38: =IF($D38="Neston Nomads Vikings",$G38,$F38) -> 0 | K38: Sam | L38: Alex | M38: =I38-J38 -> 2 | N38: =SUM($M$4:M38) -> 57 | O38: =IF($D38="Neston Nomads Vikings",$E38,$D38) -> Neston Nomads Raiders | P38: =I38+J38 -> 2 | Q38: =IF(H38="W",M38,"") -> 2 | R38: =IF(H38="L",-M38,"") | S38: =IF(H38="W",S37+1,0) -> 2 | T38: =IF(OR(H38="W",H38="D"),T37+1,0) -> 4

Sheet Goal Log
A1: Goal Log — every scoring entry by match
A3: Match # | B3: Player | C3: Goals in Match
A4: 1 | B4: Noah | C4: 1
A5: 1 | B5: Harry | C5: 2
A6: 1 | B6: Freddie | C6: 1
A7: 1 | B7: Alex | C7: 2
A8: 2 | B8: Harry | C8: 2
A9: 2 | B9: Alex | C9: 2
A10: 3 | B10: Freddie | C10: 1
A11: 3 | B11: Noah | C11: 2
A12: 3 | B12: Harry | C12: 1
A13: 3 | B13: Olly | C13: 1
A14: 3 | B14: Max | C14: 1
A15: 4 | B15: Freddie | C15: 1
... A110: 35 | B110: Freddie | C110: 1

Sheet Top Scorers
A1: Top Scorers — 2025/26 Season
A3: Player | B3: Goals
A4: Alex | B4: =SUMIF('Goal Log'!$B$4:$B$110,A4,'Goal Log'!$C$4:$C$110) -> 32
A5: Freddie | B5: =SUMIF('Goal Log'!$B$4:$B$110,A5,'Goal Log'!$C$4:$C$110) -> 28
A6: Harry | B6: =SUMIF('Goal Log'!$B$4:$B$110,A6,'Goal Log'!$C$4:$C$110) -> 21
A7: Noah | B7: =SUMIF('Goal Log'!$B$4:$B$110,A7,'Goal Log'!$C$4:$C$110) -> 20
A8: Olly | B8: =SUMIF('Goal Log'!$B$4:$B$110,A8,'Goal Log'!$C$4:$C$110) -> 15
A9: Max | B9: =SUMIF('Goal Log'!$B$4:$B$110,A9,'Goal Log'!$C$4:$C$110) -> 8
A10: Will | B10: =SUMIF('Goal Log'!$B$4:$B$110,A10,'Goal Log'!$C$4:$C$110) -> 5
A11: Sam | B11: =SUMIF('Goal Log'!$B$4:$B$110,A11,'Goal Log'!$C$4:$C$110) -> 4
A12: Fredrick | B12: =SUMIF('Goal Log'!$B$4:$B$110,A12,'Goal Log'!$C$4:$C$110) -> 3
A13: Edward | B13: =SUMIF('Goal Log'!$B$4:$B$110,A13,'Goal Log'!$C$4:$C$110) -> 2
A14: Own Goals (by opponents, for Vikings) | B14: =SUMIF('Goal Log'!$B$4:$B$110,"Own Goal (opp.)",'Goal Log'!$C$4:$C$110) -> 4
A15: Team Total Goals | B15: =SUM(B4:B14) -> 142

Sheet Awards
A1: Awards — Man of the Match & Goal of the Week
A3: Player | B3: MOTM Count | C3: GOTW Count
A4: Olly | B4: =COUNTIF(Matches!$K$4:$K$38,A4) -> 6 | C4: =COUNTIF(Matches!$L$4:$L$38,A4) -> 1
A5: Noah | B5: =COUNTIF(Matches!$K$4:$K$38,A5) -> 4 | C5: =COUNTIF(Matches!$L$4:$L$38,A5) -> 3
A6: Max | B6: =COUNTIF(Matches!$K$4:$K$38,A6) -> 4 | C6: =COUNTIF(Matches!$L$4:$L$38,A6) -> 0
A7: Fredrick | B7: =COUNTIF(Matches!$K$4:$K$38,A7) -> 4 | C7: =COUNTIF(Matches!$L$4:$L$38,A7) -> 3
A8: Alex | B8: =COUNTIF(Matches!$K$4:$K$38,A8) -> 3 | C8: =COUNTIF(Matches!$L$4:$L$38,A8) -> 5
A9: Freddie | B9: =COUNTIF(Matches!$K$4:$K$38,A9) -> 3 | C9: =COUNTIF(Matches!$L$4:$L$38,A9) -> 2
A10: Will | B10: =COUNTIF(Matches!$K$4:$K$38,A10) -> 3 | C10: =COUNTIF(Matches!$L$4:$L$38,A10) -> 2
A11: Sam | B11: =COUNTIF(Matches!$K$4:$K$38,A11) -> 3 | C11: =COUNTIF(Matches!$L$4:$L$38,A11) -> 2
A12: Harry | B12: =COUNTIF(Matches!$K$4:$K$38,A12) -> 2 | C12: =COUNTIF(Matches!$L$4:$L$38,A12) -> 2
A13: Edward | B13: =COUNTIF(Matches!$K$4:$K$38,A13) -> 2 | C13: =COUNTIF(Matches!$L$4:$L$38,A13) -> 3
A14: Team | B14: =COUNTIF(Matches!$K$4:$K$38,A14) -> 1 | C14: =COUNTIF(Matches!$L$4:$L$38,A14) -> 0

Sheet Season Summary
A1: Neston Nomads Vikings — Season Summary 2025/26
A3: Matches Played | B3: =COUNTA(Matches!$H$4:$H$38) -> 35
A4: Wins | B4: =COUNTIF(Matches!$H$4:$H$38,"W") -> 22
A5: Draws | B5: =COUNTIF(Matches!$H$4:$H$38,"D") -> 5
A6: Losses | B6: =COUNTIF(Matches!$H$4:$H$38,"L") -> 8
A7: Goals Scored | B7: =SUM(Matches!$I$4:$I$38) -> 142
A8: Goals Conceded | B8: =SUM(Matches!$J$4:$J$38) -> 85
A9: Goal Difference | B9: =B7-B8 -> 57
A10: Win % | B10: =B4/B3 -> 0.62857143
A12: Top Goalscorer | B12: =INDEX('Top Scorers'!$A$4:$A$13,MATCH(MAX('Top Scorers'!$B$4:$B$13),'Top Scorers'!$B$4:$B$13,0)) -> Alex
A13: Top Goalscorer's Goals | B13: =MAX('Top Scorers'!$B$4:$B$13) -> 32
A14: Most MOTMs | B14: =INDEX(Awards!$A$4:$A$14,MATCH(MAX(Awards!$B$4:$B$14),Awards!$B$4:$B$14,0)) -> Olly
A15: Most MOTM Awards | B15: =MAX(Awards!$B$4:$B$14) -> 6

Sheet Chart Data
A1: Result | B1: Count
A2: Won | B2: ='Season Summary'!B4 -> 22
A3: Drawn | B3: ='Season Summary'!B5 -> 5
A4: Lost | B4: ='Season Summary'!B6 -> 8

Sheet Milestones
A1: Milestones & Records — 2025/26 Season
A3: 🏆 | B3: Biggest Win | C3: =CONCATENATE("Beat ",INDEX(Matches!$O$4:$O$38,MATCH(MAX(Matches!$Q$4:$Q$38),Matches!$Q$4:$Q$38,0))," ",INDEX(Matches!$I$4:$I$38,MATCH(MAX(Matches!$Q$4:$Q$38),Matches!$Q$4:$Q$38,0)),"-",INDEX(Matches!$J$4:$J$38,MATCH(MAX(Matches!$Q$4:$Q$38),Matches!$Q$4:$Q$38,0))," (won by ",MAX(Matches!$Q$4:$Q$38)," goals)") -> Beat Heswall 7-0 (won by 7 goals)
A4: 😥 | B4: Toughest Result | C4: =CONCATENATE("Lost to ",INDEX(Matches!$O$4:$O$38,MATCH(MAX(Matches!$R$4:$R$38),Matches!$R$4:$R$38,0))," ",INDEX(Matches!$I$4:$I$38,MATCH(MAX(Matches!$R$4:$R$38),Matches!$R$4:$R$38,0)),"-",INDEX(Matches!$J$4:$J$38,MATCH(MAX(Matches!$R$4:$R$38),Matches!$R$4:$R$38,0))) -> Lost to Victoria Colts 1-5
A5: ⚽ | B5: Highest-Scoring Match | C5: =CONCATENATE(INDEX(Matches!$O$4:$O$38,MATCH(MAX(Matches!$P$4:$P$38),Matches!$P$4:$P$38,0))," — ",INDEX(Matches!$I$4:$I$38,MATCH(MAX(Matches!$P$4:$P$38),Matches!$P$4:$P$38,0)),"-",INDEX(Matches!$J$4:$J$38,MATCH(MAX(Matches!$P$4:$P$38),Matches!$P$4:$P$38,0))," (",MAX(Matches!$P$4:$P$38)," goals in total)") -> Moreton Peru — 6-6 (12 goals in total)
A6: 🔥 | B6: Longest Winning Streak | C6: =CONCATENATE(MAX(Matches!$S$4:$S$38)," matches in a row") -> 5 matches in a row
A7: 🛡️ | B7: Longest Unbeaten Run | C7: =CONCATENATE(MAX(Matches!$T$4:$T$38)," matches unbeaten") -> 9 matches unbeaten
A8: 🎯 | B8: Best Individual Haul | C8: =CONCATENATE(INDEX('Goal Log'!$B$4:$B$110,MATCH(MAX('Goal Log'!$C$4:$C$110),'Goal Log'!$C$4:$C$110,0))," scored ",MAX('Goal Log'!$C$4:$C$110)," in one match (vs ",INDEX(Matches!$O$4:$O$38,MATCH(INDEX('Goal Log'!$A$4:$A$110,MATCH(MAX('Goal Log'!$C$4:$C$110),'Goal Log'!$C$4:$C$110,0)),Matches!$A$4:$A$38,0)),")") -> Harry scored 5 in one match (vs West Kirby)
A9: 🎩 | B9: Hat-tricks (3+ goals in a match) | C9: =COUNTIF('Goal Log'!$C$4:$C$110,">=3") -> 4
A10: ⭐ | B10: First Goal of the Season | C10: =CONCATENATE(INDEX('Goal Log'!$B$4:$B$110,MATCH(1,'Goal Log'!$A$4:$A$110,0))," vs ",INDEX(Matches!$O$4:$O$38,MATCH(1,Matches!$A$4:$A$38,0))) -> Noah vs Oldershaw Dynamos
A11: 🏆 | B11: Cup Final Result | C11: =CONCATENATE("Beat ",Matches!$O$38," ",Matches!$I$38,"-",Matches!$J$38," (MOTM: ",Matches!$K$38,", GOTW: ",Matches!$L$38,")") -> Beat Neston Nomads Raiders 2-0 (MOTM: Sam, GOTW: Alex)

Sheet Player Cards
A1: Player Cards — 2025/26 Season
A3: Alex | H3: Freddie
A4: Goals Scored | E4: =SUMIF('Goal Log'!$B$4:$B$110,"Alex",'Goal Log'!$C$4:$C$110) -> 32 | H4: Goals Scored | L4: =SUMIF('Goal Log'!$B$4:$B$110,"Freddie",'Goal Log'!$C$4:$C$110) -> 28
A5: Man of the Match | E5: =COUNTIF(Matches!$K$4:$K$38,"Alex") -> 3 | H5: Man of the Match | L5: =COUNTIF(Matches!$K$4:$K$38,"Freddie") -> 3
A6: Goal of the Week | E6: =COUNTIF(Matches!$L$4:$L$38,"Alex") -> 5 | H6: Goal of the Week | L6: =COUNTIF(Matches!$L$4:$L$38,"Freddie") -> 2
A7: Best Single-Match Haul | E7: =IFERROR(_xlfn.MAXIFS('Goal Log'!$C$4:$C$110,'Goal Log'!$B$4:$B$110,"Alex"),0) -> 3 | H7: Best Single-Match Haul | L7: =IFERROR(_xlfn.MAXIFS('Goal Log'!$C$4:$C$110,'Goal Log'!$B$4:$B$110,"Freddie"),0) -> 2
A8: Matches Scored In | E8: =COUNTIF('Goal Log'!$B$4:$B$110,"Alex") -> 20 | H8: Matches Scored In | L8: =COUNTIF('Goal Log'!$B$4:$B$110,"Freddie") -> 21
A10: Harry | H10: Noah
A11: Goals Scored | E11: =SUMIF('Goal Log'!$B$4:$B$110,"Harry",'Goal Log'!$C$4:$C$110) -> 21 | H11: Goals Scored | L11: =SUMIF('Goal Log'!$B$4:$B$110,"Noah",'Goal Log'!$C$4:$C$110) -> 20
A12: Man of the Match | E12: =COUNTIF(Matches!$K$4:$K$38,"Harry") -> 2 | H12: Man of the Match | L12: =COUNTIF(Matches!$K$4:$K$38,"Noah") -> 4
A13: Goal of the Week | E13: =COUNTIF(Matches!$L$4:$L$38,"Harry") -> 2 | H13: Goal of the Week | L13: =COUNTIF(Matches!$L$4:$L$38,"Noah") -> 3
A14: Best Single-Match Haul | E14: =IFERROR(_xlfn.MAXIFS('Goal Log'!$C$4:$C$110,'Goal Log'!$B$4:$B$110,"Harry"),0) -> 5 | H14: Best Single-Match Haul | L14: =IFERROR(_xlfn.MAXIFS('Goal Log'!$C$4:$C$110,'Goal Log'!$B$4:$B$110,"Noah"),0) -> 2
A15: Matches Scored In | E15: =COUNTIF('Goal Log'!$B$4:$B$110,"Harry") -> 14 | H15: Matches Scored In | L15: =COUNTIF('Goal Log'!$B$4:$B$110,"Noah") -> 14
A17: Olly | H17: Max
A18: Goals Scored | E18: =SUMIF('Goal Log'!$B$4:$B$110,"Olly",'Goal Log'!$C$4:$C$110) -> 15 | H18: Goals Scored | L18: =SUMIF('Goal Log'!$B$4:$B$110,"Max",'Goal Log'!$C$4:$C$110) -> 8
A19: Man of the Match | E19: =COUNTIF(Matches!$K$4:$K$38,"Olly") -> 6 | H19: Man of the Match | L19: =COUNTIF(Matches!$K$4:$K$38,"Max") -> 4
A20: Goal of the Week | E20: =COUNTIF(Matches!$L$4:$L$38,"Olly") -> 1 | H20: Goal of the Week | L20: =COUNTIF(Matches!$L$4:$L$38,"Max") -> 0
A21: Best Single-Match Haul | E21: =IFERROR(_xlfn.MAXIFS('Goal Log'!$C$4:$C$110,'Goal Log'!$B$4:$B$110,"Olly"),0) -> 2 | H21: Best Single-Match Haul | L21: =IFERROR(_xlfn.MAXIFS('Goal Log'!$C$4:$C$110,'Goal Log'!$B$4:$B$110,"Max"),0) -> 2
A22: Matches Scored In | E22: =COUNTIF('Goal Log'!$B$4:$B$110,"Olly") -> 14 | H22: Matches Scored In | L22: =COUNTIF('Goal Log'!$B$4:$B$110,"Max") -> 7
A24: Will | H24: Sam
A25: Goals Scored | E25: =SUMIF('Goal Log'!$B$4:$B$110,"Will",'Goal Log'!$C$4:$C$110) -> 5 | H25: Goals Scored | L25: =SUMIF('Goal Log'!$B$4:$B$110,"Sam",'Goal Log'!$C$4:$C$110) -> 4
A26: Man of the Match | E26: =COUNTIF(Matches!$K$4:$K$38,"Will") -> 3 | H26: Man of the Match | L26: =COUNTIF(Matches!$K$4:$K$38,"Sam") -> 3
A27: Goal of the Week | E27: =COUNTIF(Matches!$L$4:$L$38,"Will") -> 2 | H27: Goal of the Week | L27: =COUNTIF(Matches!$L$4:$L$38,"Sam") -> 2
A28: Best Single-Match Haul | E28: =IFERROR(_xlfn.MAXIFS('Goal Log'!$C$4:$C$110,'Goal Log'!$B$4:$B$110,"Will"),0) -> 2 | H28: Best Single-Match Haul | L28: =IFERROR(_xlfn.MAXIFS('Goal Log'!$C$4:$C$110,'Goal Log'!$B$4:$B$110,"Sam"),0) -> 1
A29: Matches Scored In | E29: =COUNTIF('Goal Log'!$B$4:$B$110,"Will") -> 4 | H29: Matches Scored In | L29: =COUNTIF('Goal Log'!$B$4:$B$110,"Sam") -> 4
A31: Fredrick | H31: Edward
A32: Goals Scored | E32: =SUMIF('Goal Log'!$B$4:$B$110,"Fredrick",'Goal Log'!$C$4:$C$110) -> 3 | H32: Goals Scored | L32: =SUMIF('Goal Log'!$B$4:$B$110,"Edward",'Goal Log'!$C$4:$C$110) -> 2
A33: Man of the Match | E33: =COUNTIF(Matches!$K$4:$K$38,"Fredrick") -> 4 | H33: Man of the Match | L33: =COUNTIF(Matches!$K$4:$K$38,"Edward") -> 2
A34: Goal of the Week | E34: =COUNTIF(Matches!$L$4:$L$38,"Fredrick") -> 3 | H34: Goal of the Week | L34: =COUNTIF(Matches!$L$4:$L$38,"Edward") -> 3
A35: Best Single-Match Haul | E35: =IFERROR(_xlfn.MAXIFS('Goal Log'!$C$4:$C$110,'Goal Log'!$B$4:$B$110,"Fredrick"),0) -> 1 | H35: Best Single-Match Haul | L35: =IFERROR(_xlfn.MAXIFS('Goal Log'!$C$4:$C$110,'Goal Log'!$B$4:$B$110,"Edward"),0) -> 1
A36: Matches Scored In | E36: =COUNTIF('Goal Log'!$B$4:$B$110,"Fredrick") -> 3 | H36: Matches Scored In | L36: =COUNTIF('Goal Log'!$B$4:$B$110,"Edward") -> 2

Sheet Player Lookup
A1: Player Lookup — Find Every Match Your Child Featured In
A3: Select a player: | B3: Alex | E3: Goals Scored | G3: Man of the Match | I3: Goal of the Week | K3: Matches Scored In
E4: =SUMIF('Goal Log'!$B$4:$B$110,$B$3,'Goal Log'!$C$4:$C$110) -> 32 | G4: =COUNTIF(Matches!$K$4:$K$38,$B$3) -> 3 | I4: =COUNTIF(Matches!$L$4:$L$38,$B$3) -> 5 | K4: =COUNTIF('Goal Log'!$B$4:$B$110,$B$3) -> 20
A6: Match # | B6: Competition | C6: Opponent | D6: Venue | E6: Score | F6: Result | G6: Goals by Player | H6: Award
A7: =Matches!A4 -> 1 | B7: =Matches!B4 -> Division 5 | C7: =Matches!O4 -> Oldershaw Dynamos | D7: =IF(Matches!D4="Neston Nomads Vikings","Home","Away") -> Away | E7: =Matches!I4&"-"&Matches!J4 -> 6-2 | F7: =Matches!H4 -> W | G7: =SUMIFS('Goal Log'!$C$4:$C$110,'Goal Log'!$A$4:$A$110,A7,'Goal Log'!$B$4:$B$110,$B$3) -> 2 | H7: =TRIM(CONCATENATE(IF(Matches!K4=$B$3,"MOTM "," "),IF(Matches!L4=$B$3,"GOTW","")))
A8: =Matches!A5 -> 2 | B8: =Matches!B5 -> Division 5 | C8: =Matches!O5 -> Oldershaw Dynamos | D8: =IF(Matches!D5="Neston Nomads Vikings","Home","Away") -> Away | E8: =Matches!I5&"-"&Matches!J5 -> 4-1 | F8: =Matches!H5 -> W | G8: =SUMIFS('Goal Log'!$C$4:$C$110,'Goal Log'!$A$4:$A$110,A8,'Goal Log'!$B$4:$B$110,$B$3) -> 2 | H8: =TRIM(CONCATENATE(IF(Matches!K5=$B$3,"MOTM "," "),IF(Matches!L5=$B$3,"GOTW","")))
A9: =Matches!A6 -> 3 | B9: =Matches!B6 -> Division 5 | C9: =Matches!O6 -> Wallasey Village | D9: =IF(Matches!D6="Neston Nomads Vikings","Home","Away") -> Away | E9: =Matches!I6&"-"&Matches!J6 -> 6-2 | F9: =Matches!H6 -> W | G9: =SUMIFS('Goal Log'!$C$4:$C$110,'Goal Log'!$A$4:$A$110,A9,'Goal Log'!$B$4:$B$110,$B$3) -> 0 | H9: =TRIM(CONCATENATE(IF(Matches!K6=$B$3,"MOTM "," "),IF(Matches!L6=$B$3,"GOTW","")))
A10: =Matches!A7 -> 4 | B10: =Matches!B7 -> Division 5 | C10: =Matches!O7 -> Oldershaw Dragoons | D10: =IF(Matches!D7="Neston Nomads Vikings","Home","Away") -> Away | E10: =Matches!I7&"-"&Matches!J7 -> 6-0 | F10: =Matches!H7 -> W | G10: =SUMIFS('Goal Log'!$C$4:$C$110,'Goal Log'!$A$4:$A$110,A10,'Goal Log'!$B$4:$B$110,$B$3) -> 1 | H10: =TRIM(CONCATENATE(IF(Matches!K7=$B$3,"MOTM "," "),IF(Matches!L7=$B$3,"GOTW","")))
A11: =Matches!A8 -> 5 | B11: =Matches!B8 -> Division 5 | C11: =Matches!O8 -> Groves FX | D11: =IF(Matches!D8="Neston Nomads Vikings","Home","Away") -> Home | E11: =Matches!I8&"-"&Matches!J8 -> 5-2 | F11: =Matches!H8 -> W | G11: =SUMIFS('Goal Log'!$C$4:$C$110,'Goal Log'!$A$4:$A$110,A11,'Goal Log'!$B$4:$B$110,$B$3) -> 1 | H11: =TRIM(CONCATENATE(IF(Matches!K8=$B$3,"MOTM "," "),IF(Matches!L8=$B$3,"GOTW","")))
A12: =Matches!A9 -> 6 | B12: =Matches!B9 -> Division 4 | C12: =Matches!O9 -> Moreton Peru | D12: =IF(Matches!D9="Neston Nomads Vikings","Home","Away") -> Away | E12: =Matches!I9&"-"&Matches!J9 -> 6-6 | F12: =Matches!H9 -> D | G12: =SUMIFS('Goal Log'!$C$4:$C$110,'Goal Log'!$A$4:$A$110,A12,'Goal Log'!$B$4:$B$110,$B$3) -> 3 | H12: =TRIM(CONCATENATE(IF(Matches!K9=$B$3,"MOTM "," "),IF(Matches!L9=$B$3,"GOTW","")))
A13: =Matches!A10 -> 7 | B13: =Matches!B10 -> Division 4 | C13: =Matches!O10 -> West Kirby | D13: =IF(Matches!D10="Neston Nomads Vikings","Home","Away") -> Home | E13: =Matches!I10&"-"&Matches!J10 -> 5-4 | F13: =Matches!H10 -> W | G13: =SUMIFS('Goal Log'!$C$4:$C$110,'Goal Log'!$A$4:$A$110,A13,'Goal Log'!$B$4:$B$110,$B$3) -> 1 | H13: =TRIM(CONCATENATE(IF(Matches!K10=$B$3,"MOTM "," "),IF(Matches!L10=$B$3,"GOTW","")))
A14: =Matches!A11 -> 8 | B14: =Matches!B11 -> Division 4 | C14: =Matches!O11 -> Victoria Colts | D14: =IF(Matches!D11="Neston Nomads Vikings","Home","Away") -> Away | E14: =Matches!I11&"-"&Matches!J11 -> 1-5 | F14: =Matches!H11 -> L | G14: =SUMIFS('Goal Log'!$C$4:$C$110,'Goal Log'!$A$4:$A$110,A14,'Goal Log'!$B$4:$B$110,$B$3) -> 1 | H14: =TRIM(CONCATENATE(IF(Matches!K11=$B$3,"MOTM "," "),IF(Matches!L11=$B$3,"GOTW","")))
A15: =Matches!A12 -> 9 | B15: =Matches!B12 -> Division 4 | C15: =Matches!O12 -> Higher Bebington Celtics | D15: =IF(Matches!D12="Neston Nomads Vikings","Home","Away") -> Home | E15: =Matches!I12&"-"&Matches!J12 -> 3-2 | F15: =Matches!H12 -> W | G15: =SUMIFS('Goal Log'!$C$4:$C$110,'Goal Log'!$A$4:$A$110,A15,'Goal Log'!$B$4:$B$110,$B$3) -> 1 | H15: =TRIM(CONCATENATE(IF(Matches!K12=$B$3,"MOTM "," "),IF(Matches!L12=$B$3,"GOTW","")))
A16: =Matches!A13 -> 10 | B16: =Matches!B13 -> Division 4 | C16: =Matches!O13 -> Ellesmere Port | D16: =IF(Matches!D13="Neston Nomads Vikings","Home","Away") -> Away | E16: =Matches!I13&"-"&Matches!J13 -> 1-4 | F16: =Matches!H13 -> L | G16: =SUMIFS('Goal Log'!$C$4:$C$110,'Goal Log'!$A$4:$A$110,A16,'Goal Log'!$B$4:$B$110,$B$3) -> 0 | H16: =TRIM(CONCATENATE(IF(Matches!K13=$B$3,"MOTM "," "),IF(Matches!L13=$B$3,"GOTW","")))
A17: =Matches!A14 -> 11 | B17: =Matches!B14 -> Division 4 | C17: =Matches!O14 -> West Kirby | D17: =IF(Matches!D14="Neston Nomads Vikings","Home","Away") -> Home | E17: =Matches!I14&"-"&Matches!J14 -> 4-7 | F17: =Matches!H14 -> L | G17: =SUMIFS('Goal Log'!$C$4:$C$110,'Goal Log'!$A$4:$A$110,A17,'Goal Log'!$B$4:$B$110,$B$3) -> 2 | H17: =TRIM(CONCATENATE(IF(Matches!K14=$B$3,"MOTM "," "),IF(Matches!L14=$B$3,"GOTW",""))) -> MOTM
A18: =Matches!A15 -> 12 | B18: =Matches!B15 -> Division 4 | C18: =Matches!O15 -> West Kirby | D18: =IF(Matches!D15="Neston Nomads Vikings","Home","Away") -> Home | E18: =Matches!I15&"-"&Matches!J15 -> 4-1 | F18: =Matches!H15 -> W | G18: =SUMIFS('Goal Log'!$C$4:$C$110,'Goal Log'!$A$4:$A$110,A18,'Goal Log'!$B$4:$B$110,$B$3) -> 0 | H18: =TRIM(CONCATENATE(IF(Matches!K15=$B$3,"MOTM "," "),IF(Matches!L15=$B$3,"GOTW","")))
... A41: =Matches!A38 -> 35 | B41: =Matches!B38 -> Summer League | C41: =Matches!O38 -> Neston Nomads Raiders | D41: =IF(Matches!D38="Neston Nomads Vikings","Home","Away") -> Away | E41: =Matches!I38&"-"&Matches!J38 -> 2-0 | F41: =Matches!H38 -> W | G41: =SUMIFS('Goal Log'!$C$4:$C$110,'Goal Log'!$A$4:$A$110,A41,'Goal Log'!$B$4:$B$110,$B$3) -> 0 | H41: =TRIM(CONCATENATE(IF(Matches!K38=$B$3,"MOTM "," "),IF(Matches!L38=$B$3,"GOTW",""))) -> GOTW
